[
  {
    "model": "contenttypes.contenttype",
    "fields": {
      "app_label": "admin",
      "model": "logentry"
    }
  },
  {
    "model": "contenttypes.contenttype",
    "fields": {
      "app_label": "auth",
      "model": "permission"
    }
  },
  {
    "model": "contenttypes.contenttype",
    "fields": {
      "app_label": "auth",
      "model": "group"
    }
  },
  {
    "model": "contenttypes.contenttype",
    "fields": {
      "app_label": "contenttypes",
      "model": "contenttype"
    }
  },
  {
    "model": "contenttypes.contenttype",
    "fields": {
      "app_label": "sessions",
      "model": "session"
    }
  },
  {
    "model": "contenttypes.contenttype",
    "fields": {
      "app_label": "base",
      "model": "country"
    }
  },
  {
    "model": "contenttypes.contenttype",
    "fields": {
      "app_label": "base",
      "model": "customer"
    }
  },
  {
    "model": "contenttypes.contenttype",
    "fields": {
      "app_label": "base",
      "model": "customermanager"
    }
  },
  {
    "model": "contenttypes.contenttype",
    "fields": {
      "app_label": "base",
      "model": "driver"
    }
  },
  {
    "model": "contenttypes.contenttype",
    "fields": {
      "app_label": "base",
      "model": "order"
    }
  },
  {
    "model": "contenttypes.contenttype",
    "fields": {
      "app_label": "base",
      "model": "paymenttype"
    }
  },
  {
    "model": "contenttypes.contenttype",
    "fields": {
      "app_label": "base",
      "model": "point"
    }
  },
  {
    "model": "contenttypes.contenttype",
    "fields": {
      "app_label": "base",
      "model": "pointcompany"
    }
  },
  {
    "model": "contenttypes.contenttype",
    "fields": {
      "app_label": "base",
      "model": "task"
    }
  },
  {
    "model": "contenttypes.contenttype",
    "fields": {
      "app_label": "base",
      "model": "taskstatus"
    }
  },
  {
    "model": "contenttypes.contenttype",
    "fields": {
      "app_label": "base",
      "model": "tasktype"
    }
  },
  {
    "model": "contenttypes.contenttype",
    "fields": {
      "app_label": "base",
      "model": "truck"
    }
  },
  {
    "model": "contenttypes.contenttype",
    "fields": {
      "app_label": "base",
      "model": "taskstatuschange"
    }
  },
  {
    "model": "contenttypes.contenttype",
    "fields": {
      "app_label": "base",
      "model": "filetype"
    }
  },
  {
    "model": "contenttypes.contenttype",
    "fields": {
      "app_label": "base",
      "model": "platform"
    }
  },
  {
    "model": "contenttypes.contenttype",
    "fields": {
      "app_label": "base",
      "model": "trailer"
    }
  },
  {
    "model": "contenttypes.contenttype",
    "fields": {
      "app_label": "base",
      "model": "trailerassignment"
    }
  },
  {
    "model": "contenttypes.contenttype",
    "fields": {
      "app_label": "base",
      "model": "orderfile"
    }
  },
  {
    "model": "contenttypes.contenttype",
    "fields": {
      "app_label": "base",
      "model": "driverassignment"
    }
  },
  {
    "model": "contenttypes.contenttype",
    "fields": {
      "app_label": "user",
      "model": "profile"
    }
  },
  {
    "model": "contenttypes.contenttype",
    "fields": {
      "app_label": "user",
      "model": "role"
    }
  },
  {
    "model": "contenttypes.contenttype",
    "fields": {
      "app_label": "user",
      "model": "adminprofile"
    }
  },
  {
    "model": "contenttypes.contenttype",
    "fields": {
      "app_label": "user",
      "model": "driverprofile"
    }
  },
  {
    "model": "contenttypes.contenttype",
    "fields": {
      "app_label": "user",
      "model": "logistprofile"
    }
  },
  {
    "model": "sessions.session",
    "pk": "2ep4zo4f47fs47e6fr9xjgrcx3wx27mp",
    "fields": {
      "session_data": "e30:1sh2GJ:6atOxOROjC3-iDdBQSQLVqNb_8QxO2nR1xL4TbpC0_M",
      "expire_date": "2024-09-05T07:29:39.157Z"
    }
  },
  {
    "model": "sessions.session",
    "pk": "bmfv5sa2dzalmw6saechb0sda1pzy6ns",
    "fields": {
      "session_data": ".eJxVjEEOwiAQRe_C2hCQoVNcuvcMZIBBqgaS0q6Md7dNutDtf-_9t_C0LsWvnWc_JXERWpx-t0DxyXUH6UH13mRsdZmnIHdFHrTLW0v8uh7u30GhXrY6ZGO0SQZA5YGN4qTJjQ6ADW_MagtZU4yk8IzKIYRsMSJaTnnMA4rPF91pN90:1sh2J3:JdJPnL4wPluu4qh3SOuc2sApYEQotDynEhDcJMnkPLM",
      "expire_date": "2024-09-05T07:32:29.483Z"
    }
  },
  {
    "model": "sessions.session",
    "pk": "d5usipqquxcdnuk8qgac5muyzym3hmwg",
    "fields": {
      "session_data": ".eJxVjDsOwyAQBe9CHSHAhl1SpvcZ0PILTiKQjF1FuXtsyUXSvpl5b-ZoW4vbelrcHNmVDezyu3kKz1QPEB9U742HVtdl9vxQ-Ek7n1pMr9vp_h0U6mWvNQQZQBorENUgtB1NVBSMBmsQ84CQPWRAJRJa4VEkk8mrUcvdDzqzzxerbjav:1slDTs:Gr_rg2GUe1p6q4RIhR6t1bX_UmsDWr1-ndqUY2nZNMg",
      "expire_date": "2024-09-16T20:16:56.089Z"
    }
  },
  {
    "model": "sessions.session",
    "pk": "mu63wrbr0dxd1zhy5ujzzk96xg3xiw5x",
    "fields": {
      "session_data": "e30:1sh2Gl:kOVFlXTfe0akfFfXw0JSU-e55TCmLjXYHl6stNlxgzA",
      "expire_date": "2024-09-05T07:30:07.232Z"
    }
  },
  {
    "model": "sessions.session",
    "pk": "ntgv9cmmigfoofkbaywlaynvazhc2cjh",
    "fields": {
      "session_data": "e30:1sh2G3:vIzz2ZgtcAL5R9wU6-oXt0l50xEISarMpAzII7ntSPY",
      "expire_date": "2024-09-05T07:29:23.907Z"
    }
  },
  {
    "model": "sessions.session",
    "pk": "vp7e9gnu08wid0aylavel8mwqt356cvu",
    "fields": {
      "session_data": ".eJxVjDsOwyAQBe9CHSHAhl1SpvcZ0PILTiKQjF1FuXtsyUXSvpl5b-ZoW4vbelrcHNmVDezyu3kKz1QPEB9U742HVtdl9vxQ-Ek7n1pMr9vp_h0U6mWvNQQZQBorENUgtB1NVBSMBmsQ84CQPWRAJRJa4VEkk8mrUcvdDzqzzxerbjav:1stXhe:kO3yjepzoN5Y2szbqwu8BE3Bdi1CZlcrnoCnbKWuWAQ",
      "expire_date": "2024-10-09T19:29:34.407Z"
    }
  },
  {
    "model": "base.country",
    "pk": 1,
    "fields": {
      "name": "Czech Republic",
      "short_name": "CZ"
    }
  },
  {
    "model": "base.country",
    "pk": 2,
    "fields": {
      "name": "Italy",
      "short_name": "IT"
    }
  },
  {
    "model": "base.country",
    "pk": 3,
    "fields": {
      "name": "Germany",
      "short_name": "DE"
    }
  },
  {
    "model": "base.country",
    "pk": 4,
    "fields": {
      "name": "Spain",
      "short_name": "ES"
    }
  },
  {
    "model": "base.country",
    "pk": 5,
    "fields": {
      "name": "Austria",
      "short_name": "AT"
    }
  },
  {
    "model": "base.country",
    "pk": 6,
    "fields": {
      "name": "Ukraine",
      "short_name": "UK"
    }
  },
  {
    "model": "base.country",
    "pk": 7,
    "fields": {
      "name": "Netherlands",
      "short_name": "NL"
    }
  },
  {
    "model": "base.country",
    "pk": 8,
    "fields": {
      "name": "Poland",
      "short_name": "PL"
    }
  },
  {
    "model": "base.country",
    "pk": 9,
    "fields": {
      "name": "Romania",
      "short_name": "RO"
    }
  },
  {
    "model": "base.country",
    "pk": 10,
    "fields": {
      "name": "Slovenia",
      "short_name": "SI"
    }
  },
  {
    "model": "base.country",
    "pk": 11,
    "fields": {
      "name": "Slovakia",
      "short_name": "SK"
    }
  },
  {
    "model": "base.country",
    "pk": 12,
    "fields": {
      "name": "Luxembourg",
      "short_name": "LU"
    }
  },
  {
    "model": "base.country",
    "pk": 13,
    "fields": {
      "name": "Hungary",
      "short_name": "HU"
    }
  },
  {
    "model": "base.country",
    "pk": 14,
    "fields": {
      "name": "France",
      "short_name": "FR"
    }
  },
  {
    "model": "base.country",
    "pk": 15,
    "fields": {
      "name": "Switzerland",
      "short_name": "CH"
    }
  },
  {
    "model": "base.country",
    "pk": 16,
    "fields": {
      "name": "Bulgaria",
      "short_name": "BG"
    }
  },
  {
    "model": "base.country",
    "pk": 17,
    "fields": {
      "name": "Belgium",
      "short_name": "BE"
    }
  },
  {
    "model": "base.pointcompany",
    "pk": 1,
    "fields": {
      "name": "UKRPOST"
    }
  },
  {
    "model": "base.pointcompany",
    "pk": 2,
    "fields": {
      "name": "Kubrak Corp"
    }
  },
  {
    "model": "base.pointcompany",
    "pk": 4,
    "fields": {
      "name": "UCC Coffee Benelux BV 4700-8900-SCA"
    }
  },
  {
    "model": "base.pointcompany",
    "pk": 5,
    "fields": {
      "name": "PRU"
    }
  },
  {
    "model": "base.pointcompany",
    "pk": 7,
    "fields": {
      "name": "Mapei Spa Italy"
    }
  },
  {
    "model": "base.truck",
    "pk": 1,
    "fields": {
      "plates": "3SR1884",
      "model": "Scania",
      "entry_date": null,
      "end_date": null,
      "vin_code": null,
      "year": 2017,
      "entry_mileage": null,
      "price": null,
      "driver": null,
      "trailer": null
    }
  },
  {
    "model": "base.truck",
    "pk": 2,
    "fields": {
      "plates": "3SR1953",
      "model": "Scania",
      "entry_date": null,
      "end_date": null,
      "vin_code": "YS2R4X20005474396",
      "year": 2012,
      "entry_mileage": null,
      "price": null,
      "driver": 12,
      "trailer": null
    }
  },
  {
    "model": "base.paymenttype",
    "pk": 1,
    "fields": {
      "name": "by originals"
    }
  },
  {
    "model": "base.paymenttype",
    "pk": 2,
    "fields": {
      "name": "by copies"
    }
  },
  {
    "model": "base.platform",
    "pk": 1,
    "fields": {
      "name": "TIMOCOM"
    }
  },
  {
    "model": "base.platform",
    "pk": 2,
    "fields": {
      "name": "ASSTRA"
    }
  },
  {
    "model": "base.platform",
    "pk": 3,
    "fields": {
      "name": "LKW"
    }
  },
  {
    "model": "base.platform",
    "pk": 4,
    "fields": {
      "name": "AGROMAT"
    }
  },
  {
    "model": "base.platform",
    "pk": 5,
    "fields": {
      "name": "RAAL"
    }
  },
  {
    "model": "base.platform",
    "pk": 6,
    "fields": {
      "name": "SENNDER"
    }
  },
  {
    "model": "base.customer",
    "pk": 1,
    "fields": {
      "name": "PVK Logistics s.r.o.",
      "nip_number": "CZ28456947",
      "payment_period": 45,
      "payment_type": 2,
      "email": "fakturace@pvk-logistics.eu",
      "website": "https://www.pvk-logistics.com/en/",
      "post_address": null,
      "created_at": "2024-09-08T04:34:19.865Z"
    }
  },
  {
    "model": "base.customermanager",
    "pk": 1,
    "fields": {
      "full_name": "Jartimovv Klara",
      "position": "Transport Manager",
      "phone": "+420770148113",
      "email": "klara.jartimova@pvk-logistics.eu",
      "customer": 1,
      "created_at": "2024-09-08T04:35:00.470Z"
    }
  },
  {
    "model": "base.point",
    "pk": 4,
    "fields": {
      "country": 17,
      "postal_code": "8701",
      "city": "Bolsward",
      "street": "Koopman Heeresweg",
      "street_number": "3",
      "gps_latitude": "53.0722872",
      "gps_longitude": "5.5253572",
      "company_name": 4,
      "customer": 1,
      "created_at": "2024-09-08T04:41:24.117Z"
    }
  },
  {
    "model": "base.point",
    "pk": 5,
    "fields": {
      "country": 1,
      "postal_code": "104 00",
      "city": "Praha 22",
      "street": "K Netlukam",
      "street_number": "93",
      "gps_latitude": "50.0446169",
      "gps_longitude": "14.6131578",
      "company_name": 5,
      "customer": 1,
      "created_at": "2024-09-08T04:43:44.596Z"
    }
  },
  {
    "model": "base.point",
    "pk": 14,
    "fields": {
      "country": 1,
      "postal_code": "251 63",
      "city": "Praha-vychod",
      "street": "Park",
      "street_number": "1",
      "gps_latitude": "49.9417061",
      "gps_longitude": "14.6559157",
      "company_name": 2,
      "customer": 1,
      "created_at": "2024-09-08T19:48:33.864Z"
    }
  },
  {
    "model": "base.point",
    "pk": 15,
    "fields": {
      "country": 2,
      "postal_code": "20060",
      "city": "Dresano",
      "street": "Strada Provinciale 159",
      "street_number": "1",
      "gps_latitude": "45.3719518",
      "gps_longitude": "9.3595033",
      "company_name": 7,
      "customer": 1,
      "created_at": "2024-09-09T07:44:50.876Z"
    }
  },
  {
    "model": "base.filetype",
    "pk": 1,
    "fields": {
      "name": "Invoice"
    }
  },
  {
    "model": "base.filetype",
    "pk": 2,
    "fields": {
      "name": "CMR"
    }
  },
  {
    "model": "base.filetype",
    "pk": 3,
    "fields": {
      "name": "Order"
    }
  },
  {
    "model": "base.filetype",
    "pk": 4,
    "fields": {
      "name": "Other"
    }
  },
  {
    "model": "base.orderfile",
    "pk": 1,
    "fields": {
      "order": 13,
      "file_type": 2,
      "file": "order_files/www.beurtvaartadres.nl.pdf",
      "uploaded_at": "2024-09-12T13:13:46.736Z"
    }
  },
  {
    "model": "base.tasktype",
    "pk": 1,
    "fields": {
      "name": "loading",
      "created_at": "2024-09-07T07:47:07.123Z"
    }
  },
  {
    "model": "base.tasktype",
    "pk": 2,
    "fields": {
      "name": "unloading",
      "created_at": "2024-09-07T07:47:12.922Z"
    }
  },
  {
    "model": "base.taskstatus",
    "pk": 1,
    "fields": {
      "name": "Truck arrived for loading",
      "created_at": "2023-11-19T15:21:57.609Z"
    }
  },
  {
    "model": "base.taskstatus",
    "pk": 2,
    "fields": {
      "name": "Loading started",
      "created_at": "2023-11-19T15:22:03.159Z"
    }
  },
  {
    "model": "base.taskstatus",
    "pk": 3,
    "fields": {
      "name": "Loading finished",
      "created_at": "2023-11-19T15:22:08.267Z"
    }
  },
  {
    "model": "base.taskstatus",
    "pk": 4,
    "fields": {
      "name": "Truck arrived for unloading",
      "created_at": "2023-11-19T15:32:10.247Z"
    }
  },
  {
    "model": "base.taskstatus",
    "pk": 5,
    "fields": {
      "name": "Unloading started",
      "created_at": "2023-11-19T15:22:18.845Z"
    }
  },
  {
    "model": "base.taskstatus",
    "pk": 6,
    "fields": {
      "name": "Unloading finished",
      "created_at": "2023-11-19T15:22:23.550Z"
    }
  },
  {
    "model": "base.task",
    "pk": 3,
    "fields": {
      "title": "BE-8701 PR Bolsward",
      "start_date": "2024-09-05",
      "start_time": "07:00:00",
      "end_date": "2024-09-09",
      "end_time": "12:00:00",
      "order": 10,
      "point": 4,
      "truck": 1,
      "driver": 6,
      "type": 1,
      "status": null
    }
  },
  {
    "model": "base.task",
    "pk": 5,
    "fields": {
      "title": "CZ-104 00 Praha 22",
      "start_date": "2024-09-06",
      "start_time": "12:00:00",
      "end_date": null,
      "end_time": null,
      "order": 10,
      "point": 5,
      "truck": 1,
      "driver": 6,
      "type": 2,
      "status": null
    }
  },
  {
    "model": "base.task",
    "pk": 8,
    "fields": {
      "title": "IT-20060 Dresano",
      "start_date": "2024-09-09",
      "start_time": "17:00:00",
      "end_date": null,
      "end_time": null,
      "order": 11,
      "point": 15,
      "truck": 2,
      "driver": 7,
      "type": 1,
      "status": null
    }
  },
  {
    "model": "base.task",
    "pk": 15,
    "fields": {
      "title": "CZ-251 63 Praha-vychod",
      "start_date": "2024-09-11",
      "start_time": "09:00:00",
      "end_date": null,
      "end_time": null,
      "order": 11,
      "point": 14,
      "truck": 2,
      "driver": 7,
      "type": 2,
      "status": null
    }
  },
  {
    "model": "base.task",
    "pk": 18,
    "fields": {
      "title": "CZ-251 63 Praha-vychod",
      "start_date": "2024-09-12",
      "start_time": "14:00:00",
      "end_date": null,
      "end_time": null,
      "order": 12,
      "point": 14,
      "truck": 1,
      "driver": 5,
      "type": 1,
      "status": null
    }
  },
  {
    "model": "base.task",
    "pk": 19,
    "fields": {
      "title": "IT-20060 Dresano",
      "start_date": "2024-09-14",
      "start_time": "15:00:00",
      "end_date": null,
      "end_time": null,
      "order": 12,
      "point": 15,
      "truck": 1,
      "driver": 5,
      "type": 2,
      "status": null
    }
  },
  {
    "model": "base.task",
    "pk": 20,
    "fields": {
      "title": "IT-20060 Dresano",
      "start_date": "2024-09-13",
      "start_time": "20:10:00",
      "end_date": null,
      "end_time": null,
      "order": 13,
      "point": 15,
      "truck": 2,
      "driver": 8,
      "type": 1,
      "status": null
    }
  },
  {
    "model": "base.task",
    "pk": 21,
    "fields": {
      "title": "CZ-104 00 Praha 22",
      "start_date": "2024-09-16",
      "start_time": "09:00:00",
      "end_date": null,
      "end_time": null,
      "order": 13,
      "point": 5,
      "truck": 2,
      "driver": 8,
      "type": 2,
      "status": null
    }
  },
  {
    "model": "user.role",
    "pk": 1,
    "fields": {
      "name": "admin"
    }
  },
  {
    "model": "user.role",
    "pk": 2,
    "fields": {
      "name": "driver"
    }
  },
  {
    "model": "user.role",
    "pk": 3,
    "fields": {
      "name": "logist"
    }
  },
  {
    "model": "auth.permission",
    "fields": {
      "name": "Can add log entry",
      "content_type": ["admin", "logentry"],
      "codename": "add_logentry"
    }
  },
  {
    "model": "auth.permission",
    "fields": {
      "name": "Can change log entry",
      "content_type": ["admin", "logentry"],
      "codename": "change_logentry"
    }
  },
  {
    "model": "auth.permission",
    "fields": {
      "name": "Can delete log entry",
      "content_type": ["admin", "logentry"],
      "codename": "delete_logentry"
    }
  },
  {
    "model": "auth.permission",
    "fields": {
      "name": "Can view log entry",
      "content_type": ["admin", "logentry"],
      "codename": "view_logentry"
    }
  },
  {
    "model": "auth.permission",
    "fields": {
      "name": "Can add permission",
      "content_type": ["auth", "permission"],
      "codename": "add_permission"
    }
  },
  {
    "model": "auth.permission",
    "fields": {
      "name": "Can change permission",
      "content_type": ["auth", "permission"],
      "codename": "change_permission"
    }
  },
  {
    "model": "auth.permission",
    "fields": {
      "name": "Can delete permission",
      "content_type": ["auth", "permission"],
      "codename": "delete_permission"
    }
  },
  {
    "model": "auth.permission",
    "fields": {
      "name": "Can view permission",
      "content_type": ["auth", "permission"],
      "codename": "view_permission"
    }
  },
  {
    "model": "auth.permission",
    "fields": {
      "name": "Can add group",
      "content_type": ["auth", "group"],
      "codename": "add_group"
    }
  },
  {
    "model": "auth.permission",
    "fields": {
      "name": "Can change group",
      "content_type": ["auth", "group"],
      "codename": "change_group"
    }
  },
  {
    "model": "auth.permission",
    "fields": {
      "name": "Can delete group",
      "content_type": ["auth", "group"],
      "codename": "delete_group"
    }
  },
  {
    "model": "auth.permission",
    "fields": {
      "name": "Can view group",
      "content_type": ["auth", "group"],
      "codename": "view_group"
    }
  },
  {
    "model": "auth.permission",
    "fields": {
      "name": "Can add content type",
      "content_type": ["contenttypes", "contenttype"],
      "codename": "add_contenttype"
    }
  },
  {
    "model": "auth.permission",
    "fields": {
      "name": "Can change content type",
      "content_type": ["contenttypes", "contenttype"],
      "codename": "change_contenttype"
    }
  },
  {
    "model": "auth.permission",
    "fields": {
      "name": "Can delete content type",
      "content_type": ["contenttypes", "contenttype"],
      "codename": "delete_contenttype"
    }
  },
  {
    "model": "auth.permission",
    "fields": {
      "name": "Can view content type",
      "content_type": ["contenttypes", "contenttype"],
      "codename": "view_contenttype"
    }
  },
  {
    "model": "auth.permission",
    "fields": {
      "name": "Can add session",
      "content_type": ["sessions", "session"],
      "codename": "add_session"
    }
  },
  {
    "model": "auth.permission",
    "fields": {
      "name": "Can change session",
      "content_type": ["sessions", "session"],
      "codename": "change_session"
    }
  },
  {
    "model": "auth.permission",
    "fields": {
      "name": "Can delete session",
      "content_type": ["sessions", "session"],
      "codename": "delete_session"
    }
  },
  {
    "model": "auth.permission",
    "fields": {
      "name": "Can view session",
      "content_type": ["sessions", "session"],
      "codename": "view_session"
    }
  },
  {
    "model": "auth.permission",
    "fields": {
      "name": "Can add country",
      "content_type": ["base", "country"],
      "codename": "add_country"
    }
  },
  {
    "model": "auth.permission",
    "fields": {
      "name": "Can change country",
      "content_type": ["base", "country"],
      "codename": "change_country"
    }
  },
  {
    "model": "auth.permission",
    "fields": {
      "name": "Can delete country",
      "content_type": ["base", "country"],
      "codename": "delete_country"
    }
  },
  {
    "model": "auth.permission",
    "fields": {
      "name": "Can view country",
      "content_type": ["base", "country"],
      "codename": "view_country"
    }
  },
  {
    "model": "auth.permission",
    "fields": {
      "name": "Can add customer",
      "content_type": ["base", "customer"],
      "codename": "add_customer"
    }
  },
  {
    "model": "auth.permission",
    "fields": {
      "name": "Can change customer",
      "content_type": ["base", "customer"],
      "codename": "change_customer"
    }
  },
  {
    "model": "auth.permission",
    "fields": {
      "name": "Can delete customer",
      "content_type": ["base", "customer"],
      "codename": "delete_customer"
    }
  },
  {
    "model": "auth.permission",
    "fields": {
      "name": "Can view customer",
      "content_type": ["base", "customer"],
      "codename": "view_customer"
    }
  },
  {
    "model": "auth.permission",
    "fields": {
      "name": "Can add customer manager",
      "content_type": ["base", "customermanager"],
      "codename": "add_customermanager"
    }
  },
  {
    "model": "auth.permission",
    "fields": {
      "name": "Can change customer manager",
      "content_type": ["base", "customermanager"],
      "codename": "change_customermanager"
    }
  },
  {
    "model": "auth.permission",
    "fields": {
      "name": "Can delete customer manager",
      "content_type": ["base", "customermanager"],
      "codename": "delete_customermanager"
    }
  },
  {
    "model": "auth.permission",
    "fields": {
      "name": "Can view customer manager",
      "content_type": ["base", "customermanager"],
      "codename": "view_customermanager"
    }
  },
  {
    "model": "auth.permission",
    "fields": {
      "name": "Can add driver",
      "content_type": ["base", "driver"],
      "codename": "add_driver"
    }
  },
  {
    "model": "auth.permission",
    "fields": {
      "name": "Can change driver",
      "content_type": ["base", "driver"],
      "codename": "change_driver"
    }
  },
  {
    "model": "auth.permission",
    "fields": {
      "name": "Can delete driver",
      "content_type": ["base", "driver"],
      "codename": "delete_driver"
    }
  },
  {
    "model": "auth.permission",
    "fields": {
      "name": "Can view driver",
      "content_type": ["base", "driver"],
      "codename": "view_driver"
    }
  },
  {
    "model": "auth.permission",
    "fields": {
      "name": "Can add order",
      "content_type": ["base", "order"],
      "codename": "add_order"
    }
  },
  {
    "model": "auth.permission",
    "fields": {
      "name": "Can change order",
      "content_type": ["base", "order"],
      "codename": "change_order"
    }
  },
  {
    "model": "auth.permission",
    "fields": {
      "name": "Can delete order",
      "content_type": ["base", "order"],
      "codename": "delete_order"
    }
  },
  {
    "model": "auth.permission",
    "fields": {
      "name": "Can view order",
      "content_type": ["base", "order"],
      "codename": "view_order"
    }
  },
  {
    "model": "auth.permission",
    "fields": {
      "name": "Can add payment type",
      "content_type": ["base", "paymenttype"],
      "codename": "add_paymenttype"
    }
  },
  {
    "model": "auth.permission",
    "fields": {
      "name": "Can change payment type",
      "content_type": ["base", "paymenttype"],
      "codename": "change_paymenttype"
    }
  },
  {
    "model": "auth.permission",
    "fields": {
      "name": "Can delete payment type",
      "content_type": ["base", "paymenttype"],
      "codename": "delete_paymenttype"
    }
  },
  {
    "model": "auth.permission",
    "fields": {
      "name": "Can view payment type",
      "content_type": ["base", "paymenttype"],
      "codename": "view_paymenttype"
    }
  },
  {
    "model": "auth.permission",
    "fields": {
      "name": "Can add point",
      "content_type": ["base", "point"],
      "codename": "add_point"
    }
  },
  {
    "model": "auth.permission",
    "fields": {
      "name": "Can change point",
      "content_type": ["base", "point"],
      "codename": "change_point"
    }
  },
  {
    "model": "auth.permission",
    "fields": {
      "name": "Can delete point",
      "content_type": ["base", "point"],
      "codename": "delete_point"
    }
  },
  {
    "model": "auth.permission",
    "fields": {
      "name": "Can view point",
      "content_type": ["base", "point"],
      "codename": "view_point"
    }
  },
  {
    "model": "auth.permission",
    "fields": {
      "name": "Can add point company",
      "content_type": ["base", "pointcompany"],
      "codename": "add_pointcompany"
    }
  },
  {
    "model": "auth.permission",
    "fields": {
      "name": "Can change point company",
      "content_type": ["base", "pointcompany"],
      "codename": "change_pointcompany"
    }
  },
  {
    "model": "auth.permission",
    "fields": {
      "name": "Can delete point company",
      "content_type": ["base", "pointcompany"],
      "codename": "delete_pointcompany"
    }
  },
  {
    "model": "auth.permission",
    "fields": {
      "name": "Can view point company",
      "content_type": ["base", "pointcompany"],
      "codename": "view_pointcompany"
    }
  },
  {
    "model": "auth.permission",
    "fields": {
      "name": "Can add task",
      "content_type": ["base", "task"],
      "codename": "add_task"
    }
  },
  {
    "model": "auth.permission",
    "fields": {
      "name": "Can change task",
      "content_type": ["base", "task"],
      "codename": "change_task"
    }
  },
  {
    "model": "auth.permission",
    "fields": {
      "name": "Can delete task",
      "content_type": ["base", "task"],
      "codename": "delete_task"
    }
  },
  {
    "model": "auth.permission",
    "fields": {
      "name": "Can view task",
      "content_type": ["base", "task"],
      "codename": "view_task"
    }
  },
  {
    "model": "auth.permission",
    "fields": {
      "name": "Can add task status",
      "content_type": ["base", "taskstatus"],
      "codename": "add_taskstatus"
    }
  },
  {
    "model": "auth.permission",
    "fields": {
      "name": "Can change task status",
      "content_type": ["base", "taskstatus"],
      "codename": "change_taskstatus"
    }
  },
  {
    "model": "auth.permission",
    "fields": {
      "name": "Can delete task status",
      "content_type": ["base", "taskstatus"],
      "codename": "delete_taskstatus"
    }
  },
  {
    "model": "auth.permission",
    "fields": {
      "name": "Can view task status",
      "content_type": ["base", "taskstatus"],
      "codename": "view_taskstatus"
    }
  },
  {
    "model": "auth.permission",
    "fields": {
      "name": "Can add task type",
      "content_type": ["base", "tasktype"],
      "codename": "add_tasktype"
    }
  },
  {
    "model": "auth.permission",
    "fields": {
      "name": "Can change task type",
      "content_type": ["base", "tasktype"],
      "codename": "change_tasktype"
    }
  },
  {
    "model": "auth.permission",
    "fields": {
      "name": "Can delete task type",
      "content_type": ["base", "tasktype"],
      "codename": "delete_tasktype"
    }
  },
  {
    "model": "auth.permission",
    "fields": {
      "name": "Can view task type",
      "content_type": ["base", "tasktype"],
      "codename": "view_tasktype"
    }
  },
  {
    "model": "auth.permission",
    "fields": {
      "name": "Can add truck",
      "content_type": ["base", "truck"],
      "codename": "add_truck"
    }
  },
  {
    "model": "auth.permission",
    "fields": {
      "name": "Can change truck",
      "content_type": ["base", "truck"],
      "codename": "change_truck"
    }
  },
  {
    "model": "auth.permission",
    "fields": {
      "name": "Can delete truck",
      "content_type": ["base", "truck"],
      "codename": "delete_truck"
    }
  },
  {
    "model": "auth.permission",
    "fields": {
      "name": "Can view truck",
      "content_type": ["base", "truck"],
      "codename": "view_truck"
    }
  },
  {
    "model": "auth.permission",
    "fields": {
      "name": "Can add task status change",
      "content_type": ["base", "taskstatuschange"],
      "codename": "add_taskstatuschange"
    }
  },
  {
    "model": "auth.permission",
    "fields": {
      "name": "Can change task status change",
      "content_type": ["base", "taskstatuschange"],
      "codename": "change_taskstatuschange"
    }
  },
  {
    "model": "auth.permission",
    "fields": {
      "name": "Can delete task status change",
      "content_type": ["base", "taskstatuschange"],
      "codename": "delete_taskstatuschange"
    }
  },
  {
    "model": "auth.permission",
    "fields": {
      "name": "Can view task status change",
      "content_type": ["base", "taskstatuschange"],
      "codename": "view_taskstatuschange"
    }
  },
  {
    "model": "auth.permission",
    "fields": {
      "name": "Can add file type",
      "content_type": ["base", "filetype"],
      "codename": "add_filetype"
    }
  },
  {
    "model": "auth.permission",
    "fields": {
      "name": "Can change file type",
      "content_type": ["base", "filetype"],
      "codename": "change_filetype"
    }
  },
  {
    "model": "auth.permission",
    "fields": {
      "name": "Can delete file type",
      "content_type": ["base", "filetype"],
      "codename": "delete_filetype"
    }
  },
  {
    "model": "auth.permission",
    "fields": {
      "name": "Can view file type",
      "content_type": ["base", "filetype"],
      "codename": "view_filetype"
    }
  },
  {
    "model": "auth.permission",
    "fields": {
      "name": "Can add platform",
      "content_type": ["base", "platform"],
      "codename": "add_platform"
    }
  },
  {
    "model": "auth.permission",
    "fields": {
      "name": "Can change platform",
      "content_type": ["base", "platform"],
      "codename": "change_platform"
    }
  },
  {
    "model": "auth.permission",
    "fields": {
      "name": "Can delete platform",
      "content_type": ["base", "platform"],
      "codename": "delete_platform"
    }
  },
  {
    "model": "auth.permission",
    "fields": {
      "name": "Can view platform",
      "content_type": ["base", "platform"],
      "codename": "view_platform"
    }
  },
  {
    "model": "auth.permission",
    "fields": {
      "name": "Can add trailer",
      "content_type": ["base", "trailer"],
      "codename": "add_trailer"
    }
  },
  {
    "model": "auth.permission",
    "fields": {
      "name": "Can change trailer",
      "content_type": ["base", "trailer"],
      "codename": "change_trailer"
    }
  },
  {
    "model": "auth.permission",
    "fields": {
      "name": "Can delete trailer",
      "content_type": ["base", "trailer"],
      "codename": "delete_trailer"
    }
  },
  {
    "model": "auth.permission",
    "fields": {
      "name": "Can view trailer",
      "content_type": ["base", "trailer"],
      "codename": "view_trailer"
    }
  },
  {
    "model": "auth.permission",
    "fields": {
      "name": "Can add trailer assignment",
      "content_type": ["base", "trailerassignment"],
      "codename": "add_trailerassignment"
    }
  },
  {
    "model": "auth.permission",
    "fields": {
      "name": "Can change trailer assignment",
      "content_type": ["base", "trailerassignment"],
      "codename": "change_trailerassignment"
    }
  },
  {
    "model": "auth.permission",
    "fields": {
      "name": "Can delete trailer assignment",
      "content_type": ["base", "trailerassignment"],
      "codename": "delete_trailerassignment"
    }
  },
  {
    "model": "auth.permission",
    "fields": {
      "name": "Can view trailer assignment",
      "content_type": ["base", "trailerassignment"],
      "codename": "view_trailerassignment"
    }
  },
  {
    "model": "auth.permission",
    "fields": {
      "name": "Can add order file",
      "content_type": ["base", "orderfile"],
      "codename": "add_orderfile"
    }
  },
  {
    "model": "auth.permission",
    "fields": {
      "name": "Can change order file",
      "content_type": ["base", "orderfile"],
      "codename": "change_orderfile"
    }
  },
  {
    "model": "auth.permission",
    "fields": {
      "name": "Can delete order file",
      "content_type": ["base", "orderfile"],
      "codename": "delete_orderfile"
    }
  },
  {
    "model": "auth.permission",
    "fields": {
      "name": "Can view order file",
      "content_type": ["base", "orderfile"],
      "codename": "view_orderfile"
    }
  },
  {
    "model": "auth.permission",
    "fields": {
      "name": "Can add driver assignment",
      "content_type": ["base", "driverassignment"],
      "codename": "add_driverassignment"
    }
  },
  {
    "model": "auth.permission",
    "fields": {
      "name": "Can change driver assignment",
      "content_type": ["base", "driverassignment"],
      "codename": "change_driverassignment"
    }
  },
  {
    "model": "auth.permission",
    "fields": {
      "name": "Can delete driver assignment",
      "content_type": ["base", "driverassignment"],
      "codename": "delete_driverassignment"
    }
  },
  {
    "model": "auth.permission",
    "fields": {
      "name": "Can view driver assignment",
      "content_type": ["base", "driverassignment"],
      "codename": "view_driverassignment"
    }
  },
  {
    "model": "auth.permission",
    "fields": {
      "name": "Can add user",
      "content_type": ["user", "profile"],
      "codename": "add_profile"
    }
  },
  {
    "model": "auth.permission",
    "fields": {
      "name": "Can change user",
      "content_type": ["user", "profile"],
      "codename": "change_profile"
    }
  },
  {
    "model": "auth.permission",
    "fields": {
      "name": "Can delete user",
      "content_type": ["user", "profile"],
      "codename": "delete_profile"
    }
  },
  {
    "model": "auth.permission",
    "fields": {
      "name": "Can view user",
      "content_type": ["user", "profile"],
      "codename": "view_profile"
    }
  },
  {
    "model": "auth.permission",
    "fields": {
      "name": "Can add role",
      "content_type": ["user", "role"],
      "codename": "add_role"
    }
  },
  {
    "model": "auth.permission",
    "fields": {
      "name": "Can change role",
      "content_type": ["user", "role"],
      "codename": "change_role"
    }
  },
  {
    "model": "auth.permission",
    "fields": {
      "name": "Can delete role",
      "content_type": ["user", "role"],
      "codename": "delete_role"
    }
  },
  {
    "model": "auth.permission",
    "fields": {
      "name": "Can view role",
      "content_type": ["user", "role"],
      "codename": "view_role"
    }
  },
  {
    "model": "auth.permission",
    "fields": {
      "name": "Can add admin profile",
      "content_type": ["user", "adminprofile"],
      "codename": "add_adminprofile"
    }
  },
  {
    "model": "auth.permission",
    "fields": {
      "name": "Can change admin profile",
      "content_type": ["user", "adminprofile"],
      "codename": "change_adminprofile"
    }
  },
  {
    "model": "auth.permission",
    "fields": {
      "name": "Can delete admin profile",
      "content_type": ["user", "adminprofile"],
      "codename": "delete_adminprofile"
    }
  },
  {
    "model": "auth.permission",
    "fields": {
      "name": "Can view admin profile",
      "content_type": ["user", "adminprofile"],
      "codename": "view_adminprofile"
    }
  },
  {
    "model": "auth.permission",
    "fields": {
      "name": "Can add driver profile",
      "content_type": ["user", "driverprofile"],
      "codename": "add_driverprofile"
    }
  },
  {
    "model": "auth.permission",
    "fields": {
      "name": "Can change driver profile",
      "content_type": ["user", "driverprofile"],
      "codename": "change_driverprofile"
    }
  },
  {
    "model": "auth.permission",
    "fields": {
      "name": "Can delete driver profile",
      "content_type": ["user", "driverprofile"],
      "codename": "delete_driverprofile"
    }
  },
  {
    "model": "auth.permission",
    "fields": {
      "name": "Can view driver profile",
      "content_type": ["user", "driverprofile"],
      "codename": "view_driverprofile"
    }
  },
  {
    "model": "auth.permission",
    "fields": {
      "name": "Can add logist profile",
      "content_type": ["user", "logistprofile"],
      "codename": "add_logistprofile"
    }
  },
  {
    "model": "auth.permission",
    "fields": {
      "name": "Can change logist profile",
      "content_type": ["user", "logistprofile"],
      "codename": "change_logistprofile"
    }
  },
  {
    "model": "auth.permission",
    "fields": {
      "name": "Can delete logist profile",
      "content_type": ["user", "logistprofile"],
      "codename": "delete_logistprofile"
    }
  },
  {
    "model": "auth.permission",
    "fields": {
      "name": "Can view logist profile",
      "content_type": ["user", "logistprofile"],
      "codename": "view_logistprofile"
    }
  },
  {
    "model": "user.profile",
    "pk": 1,
    "fields": {
      "password": "pbkdf2_sha256$600000$xdpPs4jbhsKovHMu4f8rdR$impYgGNKMheOv01q0yx83ToGs31DxwHgOiDKlkgV28s=",
      "last_login": "2024-08-22T07:32:29Z",
      "is_superuser": true,
      "username": "kubrak@gmail.com",
      "first_name": "Ivan",
      "last_name": "Kubrak",
      "email": "kubrak@gmail.com",
      "is_staff": true,
      "is_active": true,
      "date_joined": "2024-08-22T07:20:00Z",
      "role": 1,
      "phone_number": "+380504186484",
      "groups": [],
      "user_permissions": []
    }
  },
  {
    "model": "user.profile",
    "pk": 2,
    "fields": {
      "password": "pbkdf2_sha256$600000$avJh0rjRoLmYeyeJDIIv9W$TRMNGcSeUW9y1N7s8Yz8pDBmTqJjwfAuyj4VQiJVYwY=",
      "last_login": "2024-09-25T19:29:34.399Z",
      "is_superuser": true,
      "username": "lola@gmail.com",
      "first_name": "lola",
      "last_name": "lola",
      "email": "lola@gmail.com",
      "is_staff": true,
      "is_active": true,
      "date_joined": "2024-08-22T08:51:33Z",
      "role": 1,
      "phone_number": "123",
      "groups": [],
      "user_permissions": []
    }
  },
  {
    "model": "user.profile",
    "pk": 3,
    "fields": {
      "password": "pbkdf2_sha256$600000$SVHGXQYjgu0vsFHmdXqWWt$aaLJplGZHEbKD91FJAccD4TdI0HJDsG+RFwqfVfoAso=",
      "last_login": null,
      "is_superuser": true,
      "username": "ivan@gmail.com",
      "first_name": "Ivan",
      "last_name": "Kubrak",
      "email": "ivan@gmail.com",
      "is_staff": true,
      "is_active": true,
      "date_joined": "2024-09-02T20:14:00Z",
      "role": 1,
      "phone_number": "123",
      "groups": [],
      "user_permissions": []
    }
  },
  {
    "model": "user.profile",
    "pk": 4,
    "fields": {
      "password": "pbkdf2_sha256$600000$THOAeCS4km174cIBfiAW2x$0RMenV1fWapkF810VMX1ow1xNoHrp43oiu+N0xuooSo=",
      "last_login": null,
      "is_superuser": false,
      "username": "bereziuk@gmail.com",
      "first_name": "Sergii",
      "last_name": "Bereziuk",
      "email": "bereziuk@gmail.com",
      "is_staff": false,
      "is_active": true,
      "date_joined": "2024-09-04T08:54:27.602Z",
      "role": 2,
      "phone_number": "42-077-346-51-56",
      "groups": [],
      "user_permissions": []
    }
  },
  {
    "model": "user.profile",
    "pk": 5,
    "fields": {
      "password": "pbkdf2_sha256$600000$6BgevLOH9Luoa2Pc5zzxX1$A5gQbtlTwuyimiDNDmsXQCthteHeScUFdYdmB5F2tVA=",
      "last_login": null,
      "is_superuser": false,
      "username": "pyankov@gmail.com",
      "first_name": "Andrey",
      "last_name": "Pyankov",
      "email": "pyankov@gmail.com",
      "is_staff": false,
      "is_active": true,
      "date_joined": "2024-09-04T19:15:39.585Z",
      "role": 2,
      "phone_number": "42-077-419-18-01",
      "groups": [],
      "user_permissions": []
    }
  },
  {
    "model": "user.profile",
    "pk": 6,
    "fields": {
      "password": "pbkdf2_sha256$600000$mRBwH6IsHJtUa869EBQqnj$Jg7mYpjJXI4g/RgtxQEofWMpQ5DvEHNKTuKcjCmF5Po=",
      "last_login": null,
      "is_superuser": false,
      "username": "ryzhak@gmail.com",
      "first_name": "Volodymyr",
      "last_name": "Ryzhak",
      "email": "ryzhak@gmail.com",
      "is_staff": false,
      "is_active": true,
      "date_joined": "2024-09-04T19:21:15.203Z",
      "role": 2,
      "phone_number": "42-060-212-57-53",
      "groups": [],
      "user_permissions": []
    }
  },
  {
    "model": "user.profile",
    "pk": 7,
    "fields": {
      "password": "pbkdf2_sha256$600000$FVAj4Le8dBD26NExdf0YRs$9OQQx7DFdbKXeUP6r6oBZbTqKjhUd/hL0uDVDONqJj4=",
      "last_login": null,
      "is_superuser": false,
      "username": "doronkin@gmail.com",
      "first_name": "Andrii",
      "last_name": "Doronkin",
      "email": "doronkin@gmail.com",
      "is_staff": false,
      "is_active": true,
      "date_joined": "2024-09-04T21:19:41.681Z",
      "role": 2,
      "phone_number": "42-072-293-99-28",
      "groups": [],
      "user_permissions": []
    }
  },
  {
    "model": "user.profile",
    "pk": 8,
    "fields": {
      "password": "pbkdf2_sha256$600000$39KPDdcKw8iPcj7b5APlYZ$62Lh+7k+AEZ702ys3NGOl1NCF9lZXfUPM9b09/7A/do=",
      "last_login": null,
      "is_superuser": false,
      "username": "kopchuk@gmail.com",
      "first_name": "Oleh",
      "last_name": "Kopchuk",
      "email": "kopchuk@gmail.com",
      "is_staff": false,
      "is_active": true,
      "date_joined": "2024-09-04T21:24:30.693Z",
      "role": 2,
      "phone_number": "42-077-405-74-89",
      "groups": [],
      "user_permissions": []
    }
  },
  {
    "model": "user.profile",
    "pk": 9,
    "fields": {
      "password": "pbkdf2_sha256$600000$JZw28wVBTUX3S7lJdYYgR9$5rVlnFjbdeTbybSByLs7Fq8mIjvPKII4dk6xtFedYZ8=",
      "last_login": null,
      "is_superuser": false,
      "username": "kuzbyt@gmail.com",
      "first_name": "Oleg",
      "last_name": "Kuzbyt",
      "email": "kuzbyt@gmail.com",
      "is_staff": false,
      "is_active": true,
      "date_joined": "2024-09-04T21:36:48.451Z",
      "role": 2,
      "phone_number": "42-077-301-04-29",
      "groups": [],
      "user_permissions": []
    }
  },
  {
    "model": "user.profile",
    "pk": 10,
    "fields": {
      "password": "pbkdf2_sha256$600000$TnRIEQpvGiasCeCBkg3NcF$f0PxZVIChLS8PeWMO6uCz6XMFg4eX2Bm6cTD4R8b5Ls=",
      "last_login": null,
      "is_superuser": false,
      "username": "mozhaiko@gmail.com",
      "first_name": "Volodymyr",
      "last_name": "Mozhaiko",
      "email": "mozhaiko@gmail.com",
      "is_staff": false,
      "is_active": true,
      "date_joined": "2024-09-04T21:44:31.136Z",
      "role": 2,
      "phone_number": "42-077-564-32-85",
      "groups": [],
      "user_permissions": []
    }
  },
  {
    "model": "user.profile",
    "pk": 11,
    "fields": {
      "password": "pbkdf2_sha256$600000$KuEoMOjiCpoGZnmLXCDCnB$OaqBYSejqwT0/tTVXwnrknyIIOtWw31zkCMQ+6OtYDo=",
      "last_login": null,
      "is_superuser": false,
      "username": "shopa@gmail.com",
      "first_name": "Mykhailo",
      "last_name": "Shopa",
      "email": "shopa@gmail.com",
      "is_staff": false,
      "is_active": true,
      "date_joined": "2024-09-04T22:08:47.300Z",
      "role": 2,
      "phone_number": "38-066-165-61-50",
      "groups": [],
      "user_permissions": []
    }
  },
  {
    "model": "user.profile",
    "pk": 12,
    "fields": {
      "password": "pbkdf2_sha256$600000$qVLcAUlhXjoX85kmenUvrw$ilHiDxLE0LvPJ9hyoNyf59xvFxh6xPCD1teAov1geqA=",
      "last_login": null,
      "is_superuser": false,
      "username": "shakhraiuk@gmail.com",
      "first_name": "Ivan",
      "last_name": "Shakhraiuk",
      "email": "shakhraiuk@gmail.com",
      "is_staff": false,
      "is_active": true,
      "date_joined": "2024-09-09T10:57:51.264Z",
      "role": 2,
      "phone_number": "42-077-590-81-19",
      "groups": [],
      "user_permissions": []
    }
  },
  {
    "model": "user.driverprofile",
    "pk": 5,
    "fields": {
      "profile": 4,
      "image": "images/Bereziuk_Sergiy_PsQOwgz.jpg",
      "first_name": "Sergii",
      "last_name": "Bereziuk",
      "middle_name": null,
      "full_name": "Sergii Bereziuk",
      "email": "bereziuk@gmail.com",
      "phone_number": "42-077-346-51-56",
      "position": "International driver",
      "license_series": "EM",
      "license_number": "393970",
      "birth_date": "1983-11-06",
      "started_work": "2021-08-16",
      "finished_work": null,
      "country": null
    }
  },
  {
    "model": "user.driverprofile",
    "pk": 6,
    "fields": {
      "profile": 5,
      "image": "images/Pyankov_Andrey.jpg",
      "first_name": "Andrey",
      "last_name": "Pyankov",
      "middle_name": null,
      "full_name": "Andrey Pyankov",
      "email": "pyankov@gmail.com",
      "phone_number": "42-077-419-18-01",
      "position": "International driver",
      "license_series": "EM",
      "license_number": "659512",
      "birth_date": "1974-08-11",
      "started_work": "2020-11-21",
      "finished_work": null,
      "country": null
    }
  },
  {
    "model": "user.driverprofile",
    "pk": 7,
    "fields": {
      "profile": 6,
      "image": "images/Ryzhak.png",
      "first_name": "Volodymyr",
      "last_name": "Ryzhak",
      "middle_name": null,
      "full_name": "Volodymyr Ryzhak",
      "email": "ryzhak@gmail.com",
      "phone_number": "42-060-212-57-53",
      "position": "International driver",
      "license_series": "EP",
      "license_number": "394015",
      "birth_date": "1970-10-09",
      "started_work": "2022-03-01",
      "finished_work": null,
      "country": null
    }
  },
  {
    "model": "user.driverprofile",
    "pk": 8,
    "fields": {
      "profile": 7,
      "image": "images/Doronkin.png",
      "first_name": "Andrii",
      "last_name": "Doronkin",
      "middle_name": null,
      "full_name": "Andrii Doronkin",
      "email": "doronkin@gmail.com",
      "phone_number": "42-072-293-99-28",
      "position": "International driver",
      "license_series": "EP",
      "license_number": "127001",
      "birth_date": "1965-02-20",
      "started_work": "2022-03-01",
      "finished_work": null,
      "country": null
    }
  },
  {
    "model": "user.driverprofile",
    "pk": 9,
    "fields": {
      "profile": 8,
      "image": "images/Kopchuk.png",
      "first_name": "Oleh",
      "last_name": "Kopchuk",
      "middle_name": null,
      "full_name": "Oleh Kopchuk",
      "email": "kopchuk@gmail.com",
      "phone_number": "42-077-405-74-89",
      "position": "International driver",
      "license_series": "EP",
      "license_number": "393882",
      "birth_date": "1988-10-23",
      "started_work": "2022-03-01",
      "finished_work": null,
      "country": null
    }
  },
  {
    "model": "user.driverprofile",
    "pk": 10,
    "fields": {
      "profile": 9,
      "image": "images/Kuzbyt_Oleg.jpg",
      "first_name": "Oleg",
      "last_name": "Kuzbyt",
      "middle_name": null,
      "full_name": "Oleg Kuzbyt",
      "email": "kuzbyt@gmail.com",
      "phone_number": "42-077-301-04-29",
      "position": "International driver",
      "license_series": "EQ",
      "license_number": "711732",
      "birth_date": "1987-08-23",
      "started_work": "2024-07-01",
      "finished_work": null,
      "country": null
    }
  },
  {
    "model": "user.driverprofile",
    "pk": 11,
    "fields": {
      "profile": 10,
      "image": "images/Mozhaiko.png",
      "first_name": "Volodymyr",
      "last_name": "Mozhaiko",
      "middle_name": null,
      "full_name": "Volodymyr Mozhaiko",
      "email": "mozhaiko@gmail.com",
      "phone_number": "42-077-564-32-85",
      "position": "International driver",
      "license_series": "EP",
      "license_number": "635377",
      "birth_date": "1975-04-02",
      "started_work": "2023-05-11",
      "finished_work": null,
      "country": null
    }
  },
  {
    "model": "user.driverprofile",
    "pk": 12,
    "fields": {
      "profile": 11,
      "image": "images/Shopa.png",
      "first_name": "Mykhailo",
      "last_name": "Shopa",
      "middle_name": null,
      "full_name": "Mykhailo Shopa",
      "email": "shopa@gmail.com",
      "phone_number": "38-066-165-61-50",
      "position": "International driver",
      "license_series": "EN",
      "license_number": "337196",
      "birth_date": null,
      "started_work": null,
      "finished_work": null,
      "country": null
    }
  },
  {
    "model": "user.driverprofile",
    "pk": 13,
    "fields": {
      "profile": 12,
      "image": "images/Shakhraiuk_PuYJKzh.png",
      "first_name": "Ivan",
      "last_name": "Shakhraiuk",
      "middle_name": null,
      "full_name": "Ivan Shakhraiuk",
      "email": "shakhraiuk@gmail.com",
      "phone_number": "42-077-590-81-19",
      "position": "International driver",
      "license_series": "EQ",
      "license_number": "350165",
      "birth_date": null,
      "started_work": null,
      "finished_work": null,
      "country": null
    }
  },
  {
    "model": "base.order",
    "pk": 10,
    "fields": {
      "number": "10-09-24",
      "order_number": "1681-312-0116",
      "price": "1000.00",
      "market_price": "500.00",
      "payment_type": 1,
      "payment_period": 45,
      "rout": null,
      "distance": 0,
      "cargo_name": "goods",
      "cargo_weight": "24",
      "loading_type": "top",
      "trailer_type": "tautliner",
      "user": ["ivan@gmail.com"],
      "platform": 2,
      "customer": 1,
      "customer_manager": 1,
      "truck": 1,
      "driver": 6,
      "created_at": "2024-09-08T04:30:23.936Z"
    }
  },
  {
    "model": "base.order",
    "pk": 11,
    "fields": {
      "number": "11-09-24",
      "order_number": "",
      "price": "700.00",
      "market_price": null,
      "payment_type": 2,
      "payment_period": 30,
      "rout": null,
      "distance": 0,
      "cargo_name": "goods",
      "cargo_weight": "20",
      "loading_type": "back",
      "trailer_type": "tautliner",
      "user": ["ivan@gmail.com"],
      "platform": 5,
      "customer": 1,
      "customer_manager": 1,
      "truck": 2,
      "driver": 7,
      "created_at": "2024-09-09T13:05:22.343Z"
    }
  },
  {
    "model": "base.order",
    "pk": 12,
    "fields": {
      "number": "12-09-24",
      "order_number": "",
      "price": "1000.00",
      "market_price": null,
      "payment_type": 2,
      "payment_period": 30,
      "rout": null,
      "distance": 0,
      "cargo_name": "Bear",
      "cargo_weight": "24",
      "loading_type": "top",
      "trailer_type": "tautliner",
      "user": ["ivan@gmail.com"],
      "platform": 1,
      "customer": 1,
      "customer_manager": 1,
      "truck": 1,
      "driver": 5,
      "created_at": "2024-09-12T09:01:22.920Z"
    }
  },
  {
    "model": "base.order",
    "pk": 13,
    "fields": {
      "number": "13-09-24",
      "order_number": "1681-312-0116",
      "price": "5000.00",
      "market_price": "1800.00",
      "payment_type": 2,
      "payment_period": 60,
      "rout": null,
      "distance": 0,
      "cargo_name": "tiles",
      "cargo_weight": "24",
      "loading_type": "side",
      "trailer_type": "tautliner",
      "user": ["ivan@gmail.com"],
      "platform": 5,
      "customer": 1,
      "customer_manager": 1,
      "truck": 2,
      "driver": 8,
      "created_at": "2024-09-12T13:11:43.452Z"
    }
  },
  {
    "model": "admin.logentry",
    "pk": 1,
    "fields": {
      "action_time": "2024-08-22T07:35:28.679Z",
      "user": ["kubrak@gmail.com"],
      "content_type": ["user", "role"],
      "object_id": "1",
      "object_repr": "admin",
      "action_flag": 1,
      "change_message": "[{\"added\": {}}]"
    }
  },
  {
    "model": "admin.logentry",
    "pk": 2,
    "fields": {
      "action_time": "2024-08-22T07:35:34.254Z",
      "user": ["kubrak@gmail.com"],
      "content_type": ["user", "role"],
      "object_id": "2",
      "object_repr": "driver",
      "action_flag": 1,
      "change_message": "[{\"added\": {}}]"
    }
  },
  {
    "model": "admin.logentry",
    "pk": 3,
    "fields": {
      "action_time": "2024-08-22T07:35:38.626Z",
      "user": ["kubrak@gmail.com"],
      "content_type": ["user", "role"],
      "object_id": "3",
      "object_repr": "logist",
      "action_flag": 1,
      "change_message": "[{\"added\": {}}]"
    }
  },
  {
    "model": "admin.logentry",
    "pk": 4,
    "fields": {
      "action_time": "2024-08-22T07:35:53.902Z",
      "user": ["kubrak@gmail.com"],
      "content_type": ["user", "profile"],
      "object_id": "1",
      "object_repr": "kubrakiv",
      "action_flag": 2,
      "change_message": "[{\"changed\": {\"fields\": [\"Role\"]}}]"
    }
  },
  {
    "model": "admin.logentry",
    "pk": 5,
    "fields": {
      "action_time": "2024-08-22T07:44:25.627Z",
      "user": ["kubrak@gmail.com"],
      "content_type": ["user", "profile"],
      "object_id": "2",
      "object_repr": "ivan",
      "action_flag": 2,
      "change_message": "[{\"changed\": {\"fields\": [\"Role\"]}}]"
    }
  },
  {
    "model": "admin.logentry",
    "pk": 6,
    "fields": {
      "action_time": "2024-08-22T07:44:44.488Z",
      "user": ["kubrak@gmail.com"],
      "content_type": ["user", "driverprofile"],
      "object_id": "2",
      "object_repr": " ",
      "action_flag": 3,
      "change_message": ""
    }
  },
  {
    "model": "admin.logentry",
    "pk": 7,
    "fields": {
      "action_time": "2024-08-22T07:44:56.297Z",
      "user": ["kubrak@gmail.com"],
      "content_type": ["user", "profile"],
      "object_id": "2",
      "object_repr": "ivan",
      "action_flag": 2,
      "change_message": "[]"
    }
  },
  {
    "model": "admin.logentry",
    "pk": 8,
    "fields": {
      "action_time": "2024-08-22T07:45:29.468Z",
      "user": ["kubrak@gmail.com"],
      "content_type": ["user", "driverprofile"],
      "object_id": "2",
      "object_repr": " ",
      "action_flag": 3,
      "change_message": ""
    }
  },
  {
    "model": "admin.logentry",
    "pk": 9,
    "fields": {
      "action_time": "2024-08-22T07:48:18.246Z",
      "user": ["kubrak@gmail.com"],
      "content_type": ["user", "profile"],
      "object_id": "2",
      "object_repr": "ivan",
      "action_flag": 2,
      "change_message": "[]"
    }
  },
  {
    "model": "admin.logentry",
    "pk": 10,
    "fields": {
      "action_time": "2024-08-22T07:48:56.712Z",
      "user": ["kubrak@gmail.com"],
      "content_type": ["user", "driverprofile"],
      "object_id": "2",
      "object_repr": " ",
      "action_flag": 3,
      "change_message": ""
    }
  },
  {
    "model": "admin.logentry",
    "pk": 11,
    "fields": {
      "action_time": "2024-08-22T07:49:04.118Z",
      "user": ["kubrak@gmail.com"],
      "content_type": ["user", "profile"],
      "object_id": "2",
      "object_repr": "ivan",
      "action_flag": 2,
      "change_message": "[{\"changed\": {\"fields\": [\"Role\"]}}]"
    }
  },
  {
    "model": "admin.logentry",
    "pk": 12,
    "fields": {
      "action_time": "2024-08-22T07:49:16.935Z",
      "user": ["kubrak@gmail.com"],
      "content_type": ["user", "profile"],
      "object_id": "2",
      "object_repr": "ivan",
      "action_flag": 2,
      "change_message": "[{\"changed\": {\"fields\": [\"Role\"]}}]"
    }
  },
  {
    "model": "admin.logentry",
    "pk": 13,
    "fields": {
      "action_time": "2024-08-22T09:23:32.027Z",
      "user": ["kubrak@gmail.com"],
      "content_type": ["user", "profile"],
      "object_id": "3",
      "object_repr": "lola@gmail.com",
      "action_flag": 2,
      "change_message": "[{\"changed\": {\"fields\": [\"Staff status\", \"Superuser status\"]}}]"
    }
  },
  {
    "model": "admin.logentry",
    "pk": 15,
    "fields": {
      "action_time": "2024-09-02T20:17:06.128Z",
      "user": ["lola@gmail.com"],
      "content_type": ["user", "profile"],
      "object_id": "4",
      "object_repr": "ivan@gmail.com",
      "action_flag": 2,
      "change_message": "[{\"changed\": {\"fields\": [\"Staff status\", \"Superuser status\"]}}]"
    }
  },
  {
    "model": "admin.logentry",
    "pk": 16,
    "fields": {
      "action_time": "2024-09-04T19:06:34.740Z",
      "user": ["lola@gmail.com"],
      "content_type": ["user", "driverprofile"],
      "object_id": "4",
      "object_repr": "ivan kubrak",
      "action_flag": 3,
      "change_message": ""
    }
  },
  {
    "model": "admin.logentry",
    "pk": 17,
    "fields": {
      "action_time": "2024-09-04T19:06:34.747Z",
      "user": ["lola@gmail.com"],
      "content_type": ["user", "driverprofile"],
      "object_id": "3",
      "object_repr": "lola lola",
      "action_flag": 3,
      "change_message": ""
    }
  },
  {
    "model": "admin.logentry",
    "pk": 18,
    "fields": {
      "action_time": "2024-09-04T19:07:15.492Z",
      "user": ["lola@gmail.com"],
      "content_type": ["user", "driverprofile"],
      "object_id": "5",
      "object_repr": "Sergii Bereziuk",
      "action_flag": 2,
      "change_message": "[{\"changed\": {\"fields\": [\"Full name\"]}}]"
    }
  },
  {
    "model": "admin.logentry",
    "pk": 19,
    "fields": {
      "action_time": "2024-09-06T21:20:14.094Z",
      "user": ["lola@gmail.com"],
      "content_type": ["base", "truck"],
      "object_id": "1",
      "object_repr": "Truck plates: 3SR1884",
      "action_flag": 1,
      "change_message": "[{\"added\": {}}]"
    }
  },
  {
    "model": "admin.logentry",
    "pk": 20,
    "fields": {
      "action_time": "2024-09-07T07:47:07.124Z",
      "user": ["lola@gmail.com"],
      "content_type": ["base", "tasktype"],
      "object_id": "1",
      "object_repr": "loading",
      "action_flag": 1,
      "change_message": "[{\"added\": {}}]"
    }
  },
  {
    "model": "admin.logentry",
    "pk": 21,
    "fields": {
      "action_time": "2024-09-07T07:47:12.923Z",
      "user": ["lola@gmail.com"],
      "content_type": ["base", "tasktype"],
      "object_id": "2",
      "object_repr": "unloading",
      "action_flag": 1,
      "change_message": "[{\"added\": {}}]"
    }
  },
  {
    "model": "admin.logentry",
    "pk": 22,
    "fields": {
      "action_time": "2024-09-07T09:28:24.643Z",
      "user": ["lola@gmail.com"],
      "content_type": ["base", "pointcompany"],
      "object_id": "3",
      "object_repr": "",
      "action_flag": 3,
      "change_message": ""
    }
  },
  {
    "model": "admin.logentry",
    "pk": 23,
    "fields": {
      "action_time": "2024-09-07T10:50:17.885Z",
      "user": ["lola@gmail.com"],
      "content_type": ["user", "driverprofile"],
      "object_id": "1",
      "object_repr": "Ivan Kubrak",
      "action_flag": 3,
      "change_message": ""
    }
  },
  {
    "model": "admin.logentry",
    "pk": 24,
    "fields": {
      "action_time": "2024-09-08T04:34:19.879Z",
      "user": ["lola@gmail.com"],
      "content_type": ["base", "customer"],
      "object_id": "1",
      "object_repr": "PVK Logistics s.r.o.",
      "action_flag": 1,
      "change_message": "[{\"added\": {}}]"
    }
  },
  {
    "model": "admin.logentry",
    "pk": 25,
    "fields": {
      "action_time": "2024-09-08T04:35:00.483Z",
      "user": ["lola@gmail.com"],
      "content_type": ["base", "customermanager"],
      "object_id": "1",
      "object_repr": "Jartimovv Klara PVK Logistics s.r.o.",
      "action_flag": 1,
      "change_message": "[{\"added\": {}}]"
    }
  },
  {
    "model": "admin.logentry",
    "pk": 26,
    "fields": {
      "action_time": "2024-09-08T08:14:28.278Z",
      "user": ["lola@gmail.com"],
      "content_type": ["base", "country"],
      "object_id": "7",
      "object_repr": "Netherlands",
      "action_flag": 1,
      "change_message": "[{\"added\": {}}]"
    }
  },
  {
    "model": "admin.logentry",
    "pk": 27,
    "fields": {
      "action_time": "2024-09-08T08:14:42.255Z",
      "user": ["lola@gmail.com"],
      "content_type": ["base", "country"],
      "object_id": "8",
      "object_repr": "Poland",
      "action_flag": 1,
      "change_message": "[{\"added\": {}}]"
    }
  },
  {
    "model": "admin.logentry",
    "pk": 28,
    "fields": {
      "action_time": "2024-09-08T08:15:01.006Z",
      "user": ["lola@gmail.com"],
      "content_type": ["base", "country"],
      "object_id": "9",
      "object_repr": "Romania",
      "action_flag": 1,
      "change_message": "[{\"added\": {}}]"
    }
  },
  {
    "model": "admin.logentry",
    "pk": 29,
    "fields": {
      "action_time": "2024-09-08T08:15:17.104Z",
      "user": ["lola@gmail.com"],
      "content_type": ["base", "country"],
      "object_id": "10",
      "object_repr": "Slovenia",
      "action_flag": 1,
      "change_message": "[{\"added\": {}}]"
    }
  },
  {
    "model": "admin.logentry",
    "pk": 30,
    "fields": {
      "action_time": "2024-09-08T08:15:29.650Z",
      "user": ["lola@gmail.com"],
      "content_type": ["base", "country"],
      "object_id": "11",
      "object_repr": "Slovakia",
      "action_flag": 1,
      "change_message": "[{\"added\": {}}]"
    }
  },
  {
    "model": "admin.logentry",
    "pk": 31,
    "fields": {
      "action_time": "2024-09-08T08:16:00.443Z",
      "user": ["lola@gmail.com"],
      "content_type": ["base", "country"],
      "object_id": "12",
      "object_repr": "Luxembourg",
      "action_flag": 1,
      "change_message": "[{\"added\": {}}]"
    }
  },
  {
    "model": "admin.logentry",
    "pk": 32,
    "fields": {
      "action_time": "2024-09-08T08:16:07.443Z",
      "user": ["lola@gmail.com"],
      "content_type": ["base", "country"],
      "object_id": "13",
      "object_repr": "Hungary",
      "action_flag": 1,
      "change_message": "[{\"added\": {}}]"
    }
  },
  {
    "model": "admin.logentry",
    "pk": 33,
    "fields": {
      "action_time": "2024-09-08T08:16:25.135Z",
      "user": ["lola@gmail.com"],
      "content_type": ["base", "country"],
      "object_id": "14",
      "object_repr": "France",
      "action_flag": 1,
      "change_message": "[{\"added\": {}}]"
    }
  },
  {
    "model": "admin.logentry",
    "pk": 34,
    "fields": {
      "action_time": "2024-09-08T08:16:45.329Z",
      "user": ["lola@gmail.com"],
      "content_type": ["base", "country"],
      "object_id": "15",
      "object_repr": "Switzerland",
      "action_flag": 1,
      "change_message": "[{\"added\": {}}]"
    }
  },
  {
    "model": "admin.logentry",
    "pk": 35,
    "fields": {
      "action_time": "2024-09-08T08:16:59.035Z",
      "user": ["lola@gmail.com"],
      "content_type": ["base", "country"],
      "object_id": "16",
      "object_repr": "Bulgaria",
      "action_flag": 1,
      "change_message": "[{\"added\": {}}]"
    }
  },
  {
    "model": "admin.logentry",
    "pk": 36,
    "fields": {
      "action_time": "2024-09-08T08:17:09.194Z",
      "user": ["lola@gmail.com"],
      "content_type": ["base", "country"],
      "object_id": "17",
      "object_repr": "Belgium",
      "action_flag": 1,
      "change_message": "[{\"added\": {}}]"
    }
  },
  {
    "model": "admin.logentry",
    "pk": 37,
    "fields": {
      "action_time": "2024-09-08T20:56:58.622Z",
      "user": ["lola@gmail.com"],
      "content_type": ["base", "country"],
      "object_id": "18",
      "object_repr": "17",
      "action_flag": 3,
      "change_message": ""
    }
  },
  {
    "model": "admin.logentry",
    "pk": 38,
    "fields": {
      "action_time": "2024-09-09T07:41:12.357Z",
      "user": ["lola@gmail.com"],
      "content_type": ["base", "truck"],
      "object_id": "2",
      "object_repr": "Truck plates: 3SR1953",
      "action_flag": 1,
      "change_message": "[{\"added\": {}}]"
    }
  },
  {
    "model": "admin.logentry",
    "pk": 39,
    "fields": {
      "action_time": "2024-09-09T10:43:49.169Z",
      "user": ["lola@gmail.com"],
      "content_type": ["user", "profile"],
      "object_id": "13",
      "object_repr": "shakhraiuk@gmail.com",
      "action_flag": 3,
      "change_message": ""
    }
  },
  {
    "model": "admin.logentry",
    "pk": 40,
    "fields": {
      "action_time": "2024-09-09T13:35:35.764Z",
      "user": ["lola@gmail.com"],
      "content_type": ["base", "task"],
      "object_id": "7",
      "object_repr": "7: IT-20060 Dresano",
      "action_flag": 3,
      "change_message": ""
    }
  },
  {
    "model": "admin.logentry",
    "pk": 41,
    "fields": {
      "action_time": "2024-09-09T20:58:41.742Z",
      "user": ["lola@gmail.com"],
      "content_type": ["base", "task"],
      "object_id": "10",
      "object_repr": "10: CZ-251 63 Praha-vychod",
      "action_flag": 3,
      "change_message": ""
    }
  },
  {
    "model": "admin.logentry",
    "pk": 42,
    "fields": {
      "action_time": "2024-09-12T13:12:16.760Z",
      "user": ["lola@gmail.com"],
      "content_type": ["base", "task"],
      "object_id": "17",
      "object_repr": "17: CZ-104 00 Praha 22",
      "action_flag": 3,
      "change_message": ""
    }
  },
  {
    "model": "admin.logentry",
    "pk": 43,
    "fields": {
      "action_time": "2024-09-25T19:29:49.270Z",
      "user": ["lola@gmail.com"],
      "content_type": ["base", "point"],
      "object_id": "14",
      "object_repr": "PVK Logistics s.r.o.: CZ, Praha-vychod, Park, 1",
      "action_flag": 2,
      "change_message": "[{\"changed\": {\"fields\": [\"City\"]}}]"
    }
  },
  {
    "model": "admin.logentry",
    "pk": 44,
    "fields": {
      "action_time": "2024-09-25T19:43:27.804Z",
      "user": ["lola@gmail.com"],
      "content_type": ["base", "pointcompany"],
      "object_id": "6",
      "object_repr": "",
      "action_flag": 3,
      "change_message": ""
    }
  },
  {
    "model": "admin.logentry",
    "pk": 45,
    "fields": {
      "action_time": "2024-09-25T19:51:24.702Z",
      "user": ["lola@gmail.com"],
      "content_type": ["base", "task"],
      "object_id": "15",
      "object_repr": "15: CZ-251 63 Praha-vychod",
      "action_flag": 2,
      "change_message": "[{\"changed\": {\"fields\": [\"Title\"]}}]"
    }
  },
  {
    "model": "admin.logentry",
    "pk": 46,
    "fields": {
      "action_time": "2024-09-25T19:51:33.104Z",
      "user": ["lola@gmail.com"],
      "content_type": ["base", "task"],
      "object_id": "18",
      "object_repr": "18: CZ-251 63 Praha-vychod",
      "action_flag": 2,
      "change_message": "[{\"changed\": {\"fields\": [\"Title\"]}}]"
    }
  }
]
